name,position,staerke,nationalitaet
Sepp Maier,T,Sehr stark,D
Franz Beckenbauer,A,Sehr stark,D
Gerd Müller,S,Sehr stark,D
Karl-Heinz Rummenigge,S,Sehr stark,D
Bernd Schuster,M,Sehr stark,D
Paul Breitner,M,Sehr stark,D
Stefan Effenberg,M,Sehr stark,D
Oliver Kahn,T,Sehr stark,D
Lothar Matthäus,M,Sehr stark,D
Jürgen Klinsmann,S,Sehr stark,D
Rudi Völler,S,Sehr stark,D
Andreas Brehme,A,Sehr stark,D
Thomas Häßler,M,Sehr stark,D
Harald Schumacher,T,Sehr stark,D
Hans-Peter Briegel,A,Sehr stark,D
Manfred Kaltz,A,Sehr stark,D
Karl-Heinz Förster,A,Sehr stark,D
Toni Schumacher,T,Stark,D
Guido Buchwald,A,Stark,D
Jürgen Kohler,A,Stark,D
Thomas Berthold,A,Stark,D
Klaus Augenthaler,A,Stark,D
Wolfgang Rolff,A,Stark,D
Markus Babbel,A,Stark,D
Felix Magath,M,Stark,D
Hansi Müller,M,Stark,D
Uwe Bein,M,Stark,D
Rainer Bonhof,M,Sehr stark,D
Heinz Flohe,M,Stark,D
Michael Zorc,M,Stark,D
Mario Basler,M,Stark,D
Andreas Möller,M,Stark,D
Mehmet Scholl,M,Stark,D
Christian Ziege,M,Stark,D
Klaus Fischer,S,Sehr stark,D
Horst Hrubesch,S,Stark,D
Dieter Hoeneß,S,Stark,D
Manfred Burgsmüller,S,Stark,D
Stefan Kuntz,S,Stark,D
Oliver Bierhoff,S,Stark,D
Ulf Kirsten,S,Stark,D
Roland Wohlfarth,S,Stark,D
Heiko Herrlich,S,Stark,D
Günter Netzer,M,Sehr stark,D
Wolfgang Overath,M,Sehr stark,D
Bernd Hölzenbein,S,Sehr stark,D
Bernd Förster,A,Sehr stark,D
Ulrich Stielike,M,Sehr stark,D
Karl-Heinz Riedle,S,Sehr stark,D
Dieter Müller,S,Sehr stark,D
Uli Hoeneß,S,Sehr stark,D
Jupp Heynckes,S,Sehr stark,D
Ottmar Hitzfeld,S,Sehr stark,D
Lothar Emmerich,S,Sehr stark,D
Helmut Rahn,S,Sehr stark,D
Fritz Walter,M,Sehr stark,D
Uwe Seeler,S,Sehr stark,D
Jürgen Sparwasser,S,Sehr stark,D
Joachim Streich,S,Sehr stark,D
Hans-Jürgen Dörner,A,Sehr stark,D
Jürgen Croy,T,Sehr stark,D
Matthias Sammer,M,Sehr stark,D
Thomas Helmer,A,Sehr stark,D
Stefan Reuter,A,Sehr stark,D
Christian Wörns,A,Sehr stark,D
Andreas Kopke,T,Sehr stark,D
Jens Lehmann,T,Sehr stark,D
Jürgen Schult,T,Sehr stark,D
Dieter Schatzschneider,S,Sehr stark,D
Klaus Allofs,S,Sehr stark,D
Thomas Allofs,S,Sehr stark,D
Karl-Heinz Granitza,S,Sehr stark,D
Frank Mill,S,Sehr stark,D
Rudi Bommer,M,Sehr stark,D
Bodo Illgner,T,Sehr stark,D
Eike Immel,T,Sehr stark,D
Ciriaco Sforza,M,Sehr stark,A
Pierre Littbarski,M,Sehr stark,D
Bruno Pezzey,A,Sehr stark,A
Georg Schwarzenbeck,A,Stark,D
Norbert Nigbur,T,Stark,D
Wolfgang Kleff,T,Stark,D
Hubert Birkenmeier,T,Stark,D
Rudolf Kargus,T,Stark,D
Dieter Burdenski,T,Stark,D
Hans-Ulrich Thomforde,T,Stark,D
Walter Junghans,T,Stark,D
Bernd Franke,T,Stark,D
Martin Pieckenhagen,T,Stark,D
Petar Radenkovic,T,Stark,A
Hans Tilkowski,T,Stark,D
Manfred Manglitz,T,Stark,D
Jörg Daniel,T,Stark,D
Franz Roth,M,Stark,D
Herbert Wimmer,M,Stark,D
Jupp Kapellmann,M,Stark,D
Winfried Schäfer,M,Stark,D
Wolfgang Dremmler,M,Stark,D
Norbert Meier,M,Stark,D
Gerhard Pröpper,M,Stark,D
Wilfried Hannes,M,Stark,D
Horst Eckel,M,Stark,D
Thomas Kroth,M,Stark,D
Uwe Tschiskale,M,Stark,D
Helmut Kremers,M,Stark,D
Wolfram Wuttke,M,Stark,D
Bernd Nickel,M,Stark,D
Bernd Cullmann,M,Stark,D
Bernd Krauss,M,Stark,D
Klaus Fielenbach,M,Stark,D
Rudolf Seliger,M,Stark,D
Reinhard Libuda,M,Stark,D
Hannes Bongartz,M,Stark,D
Horst Köppel,M,Stark,D
Friedhelm Funkel,M,Stark,D
Lutz Eigendorf,M,Stark,D
Frank Rohde,M,Stark,D
Steffen Freund,M,Stark,D
Lars Ricken,M,Stark,D
Thomas Strunz,M,Stark,D
Dieter Eilts,M,Stark,D
Ralf Loose,M,Stark,D
Ralf Falkenmayer,M,Stark,D
Hans-Jürgen Wittkamp,M,Stark,D
Reiner Geye,M,Stark,D
Olaf Thon,M,Sehr stark,D
Gerd Strack,A,Stark,D
Ditmar Jakobs,A,Stark,D
Rolf Rüssmann,A,Stark,D
Klaus-Dieter Sieloff,A,Stark,D
Hans-Joachim Pochstein,A,Stark,D
Wolfgang Weber,A,Stark,D
Rainer Zobel,A,Stark,D
Horst Blankenburg,A,Stark,D
Gernot Rohr,A,Stark,D
Uwe Horsmann,A,Stark,D
Rüdiger Wenzel,A,Stark,D
Jörg Heinrich,A,Stark,D
Thomas Linke,A,Stark,D
Ulrich Borowka,A,Stark,D
Hermann Gerland,A,Stark,D
Horst Ehrmantraut,A,Stark,D
Werner Lorant,A,Stark,D
Harald Nickel,A,Stark,D
Claus Reitmaier,A,Stark,D
Michael Kutzop,A,Stark,D
Bernd Bransch,A,Stark,D
Carsten Jancker,S,Stark,D
Alexander Zickler,S,Stark,D
Edgar Schmitt,S,Stark,D
Thomas Brdaric,S,Stark,D
Albert Brülls,S,Stark,D
Axel Kruse,S,Stark,D
Erich Beer,S,Stark,D
Rüdiger Abramczik,S,Stark,D
Rainer Ohlhauser,S,Stark,D
Frank Ordenewitz,S,Stark,D
Erwin Kremers,S,Stark,D
Siegfried Held,S,Stark,D
Hannes Lohr,S,Stark,D
Georg Volkert,S,Stark,D
Herbert Laumen,S,Stark,D
Willi Lippens,S,Stark,D
Helmut Beyer,S,Stark,D
Uwe Rahn,S,Stark,D
Bernd Hollerbach,M,Stark,D
Peter Ducke,S,Stark,D
Hans-Jürgen Kreische,S,Stark,D
Eberhard Vogel,M,Stark,D
Martin Hoffmann,M,Stark,D
Ronnie Worm,S,Stark,D
Dieter Eckstein,S,Stark,D
Karl-Heinz Schnellinger,A,Sehr stark,D
Patrik Andersson,A,Sehr stark,A
Friedel Rausch,A,Stark,D
Norbert Trieloff,M,Schwach,D
Wolfgang Frank,M,Durchschnitt,D
Armin Veh,A,Durchschnitt,D
Jürgen Röber,M,Durchschnitt,D
Karl-Heinz Thielen,M,Durchschnitt,D
Hans-Jürgen Bartels,M,Durchschnitt,D
Werner Patzke,M,Durchschnitt,D
Egon Loy,T,Durchschnitt,D
Gerd Roggensack,M,Durchschnitt,D
Gerd Zaczyk,T,Durchschnitt,D
Thomas Dörner,A,Durchschnitt,D
Karl-Heinz Kröger,A,Durchschnitt,D
Friedel Lutz,A,Durchschnitt,D
Hans-Georg Drevenstedt,A,Durchschnitt,D
Hans-Günter Neues,A,Durchschnitt,D
Ernst Dörfel,M,Durchschnitt,D
Werner Dreyer,M,Durchschnitt,D
Dieter Herzog,M,Durchschnitt,D
Uwe Scherr,S,Durchschnitt,D
Peter Neururer,A,Durchschnitt,D
Paul Himberger,T,Durchschnitt,D
Martin Schneider,A,Durchschnitt,D
Norbert Förster,A,Durchschnitt,D
Bernd Coulibaly,M,Durchschnitt,D
Otto Rehhagel,A,Durchschnitt,D
Rudolf Wohlfarth,S,Schwach,D
Markus Münch,A,Schwach,D
Michael Rohde,A,Schwach,D
Lothar Sippel,T,Schwach,D
Norbert Eilenfeldt,M,Schwach,D
Werner Baldauf,T,Schwach,D
Gerd Stollenwerk,T,Schwach,D
Hans Siemensmeyer,T,Schwach,D
Hans-Peter Eilers,S,Schwach,D
Peter Peschel,S,Schwach,D
Reinhard Saftig,M,Schwach,D
Manfred Ritschel,M,Schwach,D
Wolfgang Gerber,M,Schwach,D
Klaus Täuber,S,Schwach,D
Heinz Wewers,S,Schwach,D
Walter Bechtold,S,Schwach,D
Karl-Heinz Standop,M,Schwach,D
Heinrich Koch,A,Schwach,D
Hans-Helmut Noll,M,Schwach,D
Werner Weil,A,Schwach,D
Reiner Offermanns,S,Schwach,D
Franz Gerber,M,Schwach,D
Bernd Gersdorff,A,Schwach,D
Rüdiger Krampf,M,Schwach,D
Wilhelm Huberts,A,Schwach,D
Gerd Kentsch,M,Schwach,D
Rolf Blau,A,Schwach,D
Ulrich Bittner,T,Schwach,D
Werner Nickel,M,Schwach,D
Nils Schmäler,M,Schwach,D
Wolfgang Sidka,M,Schwach,D
Reinhard Stumpf,T,Schwach,D
Manfred Scheu,M,Schwach,D
Bernd Lademann,S,Schwach,D
Thomas Häfner,A,Schwach,D
Jürgen Rode,M,Schwach,D
Rainer Strodthoff,T,Schwach,D
Gerd Neuser,A,Schwach,D
Willi Neuberger,M,Schwach,D
Alfred Novak,A,Schwach,D
Josef Rückel,A,Schwach,D
Hans-Ulrich Warnecke,T,Schwach,D
Alfons Zietsch,M,Schwach,D
Friedrich Roth,A,Schwach,D
Dieter Keinath,M,Schwach,D
Heinz Moll,S,Schwach,D
Werner Ipta,M,Schwach,D
Günter Herrmann,M,Schwach,D
Hans-Dieter Heider,M,Schwach,D
Herbert Büssers,A,Schwach,D
Günter Götsch,T,Schwach,D
Karl-Heinz Kamp,M,Schwach,D
Bernd Küster,A,Schwach,D
Franz-Josef Tenhagen,S,Schwach,D
Willi Koslowski,M,Schwach,D
Konrad Weise,A,Schwach,D
Wolfram Löwe,S,Schwach,D
Reinhard Lauck,A,Schwach,D
Frank Terletzki,S,Schwach,D
Ulf Mehlhorn,M,Schwach,D
Hans-Uwe Pilz,S,Schwach,D
Dieter Erler,S,Schwach,D
Peter Kotte,S,Schwach,D
Rainer Ernst,M,Schwach,D
Hans-Jürgen Riediger,A,Schwach,D
Axel Rank,A,Schwach,D
Harald Irmscher,S,Schwach,D
Wolfgang Steinbach,M,Schwach,D
Eduard Geyer,A,Schwach,D
Steffen Karl,M,Schwach,D
Dietmar Dettmann,M,Schwach,D
Rainer Schütze,M,Schwach,D
Jens Todt,A,Schwach,D
Markus Schupp,M,Schwach,D
Norbert Ely,M,Schwach,D
Herbert Schole,M,Schwach,D
Rüdiger Hoffmann,M,Schwach,D
Hans-Dieter Wacker,M,Schwach,D
Manfred Krafft,M,Schwach,D
Alfred Heiß,M,Schwach,D
Günter Hänel,M,Schwach,D
Karl-Heinz Marotzke,T,Schwach,D
Dieter Zembski,A,Schwach,D
Bernd Winterfeldt,M,Schwach,D
Klaus Wunder,S,Schwach,D
Rainer Kühne,M,Schwach,D
Bernd Dörfel,M,Schwach,D
Gert Dörfel,S,Schwach,D
Jürgen Sundermann,M,Schwach,D
Günter Lantin,A,Schwach,D
Theo Kappauf,T,Schwach,D
Werner Ohm,M,Schwach,D
Wolfgang Paul,T,Schwach,D
Karl-Josef Assenmacher,A,Schwach,D
Jürgen Groh,S,Schwach,D
Horst Bertram,A,Schwach,D
Rüdiger Ziehl,T,Schwach,D
Hans-Joachim Abel,A,Schwach,D
Heinz Gründel,M,Schwach,D
Gerd Götsch,M,Schwach,D
Ernst Künnecke,M,Schwach,D
Rudolf Entenmann,A,Schwach,D
Benno Brinkmann,A,Schwach,D
Lothar Skala,M,Schwach,D
Norbert Siegmann,A,Schwach,D
Willi Entenmann,T,Schwach,D
Werner Kern,M,Schwach,D
Roland Dickgießer,M,Schwach,D
Gerd Hengstler,A,Schwach,D
Ronald Wolf,M,Schwach,D
Peter Fuchs,S,Schwach,D
Martin Demuth,S,Schwach,D
Lothar Woelk,T,Schwach,D
Herbert Pohl,A,Schwach,D
Uwe Krause,M,Schwach,D
Guido Hoffmann,A,Schwach,D
Ralf Zumdick,T,Schwach,D
Ralf Herrmann,M,Schwach,D
Klaus Scheer,A,Schwach,D
Werner Baldes,A,Schwach,D
Alfred Möller,A,Schwach,D
Robert Fabisch,M,Schwach,D
Alexander Schur,S,Schwach,D
Michael Jakobs,A,Schwach,D
Holger Willmer,S,Schwach,D
Gerhard Kleppinger,A,Schwach,D
Peter Lux,A,Schwach,D
Günter Schlipper,T,Schwach,D
Kurt Peschel,S,Schwach,D
Heiner Baltes,M,Schwach,D
Holger Osieck,M,Schwach,D
Thomas Brunner,A,Schwach,D
Wilhelm Feldkamp,A,Schwach,D
Karl-Heinz Büttner,M,Schwach,D
Hans-Peter Lehnhoff,M,Schwach,D
Bernd Stange,A,Schwach,D
Norbert Wolf,M,Schwach,D
Michael Henke,M,Schwach,D
Herbert Zimmermann,T,Schwach,D
Franz-Josef Hönig,M,Schwach,D
Ulrich Maas,A,Schwach,D
Theo Rapp,M,Schwach,D
Werner Görts,M,Schwach,D
Klaus Ackermann,A,Schwach,D
Gerd Elfering,S,Schwach,D
Detlef Pirsig,M,Schwach,D
Peter Assmann,A,Schwach,D
Arno Michalowski,M,Schwach,D
Horst Trimhold,T,Schwach,D
Josef Elting,M,Schwach,D
Bernd Storck,M,Schwach,D
Klaus Siebert,A,Schwach,D
Thomas Rist,A,Schwach,D
Manfred Drexler,S,Schwach,D
Hubert Schmitz,T,Schwach,D
Lothar Meyer,M,Schwach,D
Gerd Mäkert,M,Schwach,D
Klaus-Dieter Jungnickel,S,Schwach,D
Heinz Steinmann,T,Schwach,D
Detlef Schößler,M,Schwach,D
Klaus Lisiewicz,M,Schwach,D
Peter Wiernes,A,Schwach,D
Jens Werner,A,Schwach,D
Peter Hyballa,M,Schwach,D
Lothar Kurbjuweit,M,Schwach,D
Ronald Kreer,T,Schwach,D
Rüdiger Schnuphase,M,Schwach,D
Reinhold Hintermaier,A,Schwach,D
Günter Pröpper,A,Schwach,D
Axel Thiele,M,Schwach,D
Karl Mai,A,Schwach,D
Dieter Lindner,M,Schwach,D
Rudolf Wimmer,T,Schwach,D
Horst Gecks,M,Schwach,D
Volker Graul,A,Schwach,D
Hans Pirkner,A,Schwach,D
Gerhard Ottmar,M,Schwach,D
Günter Kesel,S,Schwach,D
Manfred Ruoff,A,Schwach,D
Helmut Bauriedl,T,Schwach,D
Franz Krauthausen,M,Schwach,D
Willi Rabe,T,Schwach,D
Gerhard Heinze,A,Schwach,D
Dieter Versen,A,Schwach,D
Jörg Stommelen,A,Schwach,D
Hans-Werner Koppers,M,Schwach,D
Werner Hartmann,M,Schwach,D
Manfred Bender,A,Schwach,D
Arno Steffenhagen,A,Schwach,D
Hans Walitza,M,Schwach,D
Heinz Asendorf,A,Schwach,D
Jens Weidemann,A,Schwach,D
Reiner Calmund,M,Schwach,D
Michael Polywka,A,Schwach,D
Andreas Becker,A,Schwach,D
Walter Kramer,A,Schwach,D
Fritz Pott,A,Schwach,D
Hans Schulz,A,Schwach,D
Gerd Dörfel,S,Schwach,D
Ulf Steier,M,Schwach,D
Kristof Sprenger,M,Schwach,D
Rainer Geye,S,Stark,D
Peter Reichel,A,Stark,D
Wolfgang Völler,A,Stark,D
Heinz-Werner Eggeling,S,Stark,D
Ludwig Müller,T,Durchschnitt,D
Rudi Gutendorf,M,Schwach,D
Markus Merk,T,Durchschnitt,D
Ulrich Hoeneß,S,Sehr stark,D
Michel Platini,M,Weltklasse,A
Diego Maradona,M,Weltklasse,A
Zico,M,Weltklasse,A
Socrates,M,Weltklasse,A
Marco van Basten,S,Weltklasse,A
Ruud Gullit,M,Weltklasse,A
Johan Cruyff,S,Weltklasse,A
Jean-Marie Pfaff,T,Sehr stark,A
Kevin Keegan,S,Weltklasse,A
Tony Woodcock,S,Stark,A
Søren Lerby,M,Sehr stark,A
Brian Laudrup,M,Weltklasse,A
Martin Dahlin,S,Sehr stark,A
Giovane Élber,S,Sehr stark,A
Paulo Sérgio,M,Stark,A
Toni Polster,S,Stark,A
Hansi Krankl,S,Stark,A
Andy Ogris,S,Stark,A
Zvonimir Boban,M,Sehr stark,A
Franco Baresi,A,Weltklasse,A
Paolo Maldini,A,Weltklasse,A
Marco Tardelli,M,Weltklasse,A
Roberto Baggio,S,Weltklasse,A
Gianluca Vialli,S,Weltklasse,A
Dino Zoff,T,Weltklasse,A
Giancarlo Antognoni,M,Sehr stark,A
Roberto Mancini,M,Sehr stark,A
Carlo Ancelotti,M,Sehr stark,A
Gaetano Scirea,A,Weltklasse,A
Antonio Cabrini,A,Stark,A
Paolo Rossi,S,Sehr stark,A
Ronald Koeman,A,Weltklasse,A
Frank Rijkaard,M,Weltklasse,A
Arie Haan,M,Weltklasse,A
Wim van Hanegem,M,Weltklasse,A
Johnny Rep,S,Weltklasse,A
Rob Rensenbrink,S,Weltklasse,A
Arnold Mühren,M,Weltklasse,A
Jan Ceulemans,S,Weltklasse,A
Enzo Scifo,M,Weltklasse,A
Wilfried Van Moer,M,Stark,A
Zbigniew Boniek,M,Weltklasse,A
Grzegorz Lato,S,Weltklasse,A
Oleg Blokhin,S,Weltklasse,A
Igor Belanov,M,Weltklasse,A
Rinat Dasayev,T,Sehr stark,A
Dragan Džajić,S,Weltklasse,A
Dejan Savićević,M,Weltklasse,A
Darko Pančev,S,Sehr stark,A
Srecko Katanec,M,Stark,A
Robert Prosinečki,M,Sehr stark,A
Hristo Stoichkov,S,Weltklasse,A
Daniel Passarella,A,Weltklasse,A
Osvaldo Ardiles,M,Weltklasse,A
Jorge Valdano,S,Sehr stark,A
Claudio Caniggia,S,Weltklasse,A
Gabriel Batistuta,S,Weltklasse,A
Carlos Valderrama,M,Weltklasse,A
George Weah,S,Weltklasse,A
Didier Six,S,Stark,A
Roger Milla,S,Weltklasse,A
Andoni Zubizarreta,T,Sehr stark,A
Emilio Butragueño,S,Weltklasse,A
Fernando Hierro,A,Sehr stark,A
Gary Lineker,S,Weltklasse,A
Paul Gascoigne,M,Weltklasse,A
Bryan Robson,M,Sehr stark,A
Glenn Hoddle,M,Sehr stark,A
Alan Shearer,S,Weltklasse,A
Peter Beardsley,S,Sehr stark,A
Preben Elkjær,S,Weltklasse,A
Jan Mølby,M,Sehr stark,A
Michael Laudrup,M,Weltklasse,A
Peter Schmeichel,T,Weltklasse,A
René Higuita,T,Stark,A
Alexei Mikhailichenko,M,Stark,A
Sergei Yuran,S,Stark,A
Savo Milošević,S,Stark,A
Predrag Mijatović,S,Weltklasse,A
Bebeto,S,Weltklasse,A
Romário,S,Weltklasse,A
Dario Šimić,A,Stark,A
Walter Zenga,T,Sehr stark,A
Víctor Muñoz,M,Stark,A
Andoni Goikoetxea,A,Stark,A
Georgi Kinkladze,M,Stark,A
Tomas Brolin,S,Sehr stark,A
Henrik Larsson,S,Weltklasse,A
Thomas Ravelli,T,Sehr stark,A
Willy van de Kerkhof,M,Stark,A
René van de Kerkhof,A,Stark,A
Ivan Gudelj,M,Stark,A
Safet Sušić,M,Weltklasse,A
Jürgen Grabowski,M,Sehr stark,D
Berti Vogts,A,Sehr stark,D
Michael Ballack,M,Sehr stark,D
Miroslav Klose,S,Sehr stark,D
Ewald Lienen,A,Stark,D
Norbert Nachtweih,A,Stark,D
Ralf Reinders,S,Stark,D
Michael Rummenigge,S,Stark,D
Jürgen Wegmann,S,Stark,D
Frank Schulz,A,Stark,D
Klaus Fichtel,A,Stark,D
Uli Stein,T,Stark,D
Benno Möhlmann,M,Stark,D
Horst-Dieter Höttges,A,Stark,D
Karl Allgöwer,S,Stark,D
Norbert Eder,A,Stark,D
Reinhard Häfner,M,Stark,D
Jörg Schmadtke,T,Stark,D
Thomas Franke,T,Stark,D
Rüdiger Vollborn,T,Stark,D
Manfred Pfaff,T,Stark,D
Charly Körbel,A,Stark,D
Jörg Albertz,M,Stark,D
Carsten Ramelow,M,Stark,D
Paul Steiner,M,Stark,D
Ingo Anderbrügge,S,Stark,D
Wolfgang Funkel,M,Stark,D
Ralf Minge,M,Stark,D
Dirk Schuster,A,Stark,D
Uwe Kliemann,A,Stark,D
Stephan Engels,A,Stark,D
Dariusz Wosz,M,Stark,D
Hans-Günter Bruns,S,Stark,D
Dieter Danzberg,S,Stark,D
Ludwig Kögl,S,Stark,D
Kurt Niedermayer,A,Stark,D
Detlev Dammeier,M,Stark,D
Andreas Klimowicz,S,Stark,D
Bernd Wehmeyer,A,Stark,D
Rainer Kraft,M,Stark,D
Werner Dreßel,M,Stark,D
Hans Pflügler,A,Stark,D
Dieter Reuter,A,Stark,D
Michael Tarnat,A,Stark,D
Gunnar Sauer,A,Stark,D
Jörg Stielicke,A,Stark,D
Gerhard Poschner,M,Stark,D
Michael Frontzeck,A,Stark,D
Thomas Schaaf,M,Stark,D
Thomas Doll,M,Stark,D
Thorsten Fink,M,Stark,D
Karl Del'Haye,M,Stark,D
Norbert Ringels,A,Stark,D
Jens Nowotny,A,Stark,D
Bernd Dürnberger,M,Stark,D
Thomas von Heesen,M,Stark,D
Jürgen Milewski,S,Stark,D
Holger Hieronymus,A,Stark,D
Frank Pagelsdorf,S,Stark,D
Marco Bode,S,Stark,D
Uwe Reinders,S,Stark,D
Bernd Wolter,A,Stark,D
Michael Büskens,M,Stark,D
Martin Max,S,Stark,D
Yves Eigenrauch,M,Stark,D
Thomas Hörster,M,Stark,D
Stefan Beinlich,M,Stark,D
Matthias Herget,A,Stark,D
Erwin Hadewicz,A,Stark,D
Rainer Zeyer,A,Stark,D
Frank Heinemann,A,Stark,D
Marco Hermann,A,Stark,D
Wolfgang Seel,M,Stark,D
Wilfried Schulz,A,Stark,D
Stefan Kohn,A,Stark,D
Volker Danner,M,Stark,D
Frank Schaefer,A,Stark,D
Josef Piontek,A,Stark,D
Willi Reimann,T,Stark,D
Hans-Jörg Butt,T,Stark,D
Oliver Reck,T,Stark,D
Uwe Kamps,T,Stark,D
Stefan Klos,T,Stark,D
Andreas Müller,M,Stark,D
Hermann Ohlicher,S,Stark,D
Hans-Georg Löhr,S,Stark,D
Lothar Kobluhn,S,Stark,D
Rainer Mutschler,M,Stark,D
Jörg Neugärtner,A,Stark,D
Hans-Werner Neubarth,A,Stark,D
Jürgen Rische,M,Stark,D
Uwe Neuhaus,M,Stark,D
Erich Rutemöller,M,Stark,D
Maurizio Gaudino,M,Stark,D
Axel Roos,A,Stark,D
Jan Berger,M,Stark,D
Gerald Asamoah,S,Stark,D
Steffen Baumgart,S,Stark,D
Torsten Gutschow,S,Stark,D
Falko Götz,S,Stark,D
Klaus Sammer,M,Stark,D
Stefan Schnoor,M,Stark,D
Bernhard Winkler,S,Stark,D
Marc Ziegler,T,Durchschnitt,D
Reinhard Strehlow,A,Durchschnitt,D
Holger Fach,A,Durchschnitt,D
Ernst Middendorp,A,Durchschnitt,D
Stephan Beckenbauer,A,Durchschnitt,D
Harald Konopka,M,Durchschnitt,D
Christian Hochstätter,M,Durchschnitt,D
Ralf Edinger,T,Durchschnitt,D
Gerd Zimmermann,T,Durchschnitt,D
Peter Pröpper,M,Durchschnitt,D
Ronald Grams,M,Durchschnitt,D
Stefan Lottner,M,Durchschnitt,D
Andreas Neuendorf,M,Durchschnitt,D
Markus Unger,M,Durchschnitt,D
Heinz-Werner Fischbach,A,Durchschnitt,D
Dirk Kunert,A,Durchschnitt,D
Klaus-Werner Ochs,M,Durchschnitt,D
Heinz-Günter Scheil,T,Durchschnitt,D
Rolf Meyer,M,Durchschnitt,D
Volker Lechner,M,Durchschnitt,D
Klaus Schlappner,M,Durchschnitt,D
Max Eberl,M,Durchschnitt,D
Alexander Kunkel,M,Durchschnitt,D
Ralf Schmitz,A,Durchschnitt,D
Klaus Toppmöller,S,Durchschnitt,D
Claus-Dieter Wollitz,M,Durchschnitt,D
Rainer Zietsch,M,Durchschnitt,D
Georg Kinzel,A,Durchschnitt,D
Klaus-Peter Knothe,A,Durchschnitt,D
Bernd Klotz,A,Durchschnitt,D
Bernd Schmitt,S,Durchschnitt,D
Wolfgang Patzke,M,Durchschnitt,D
Holger Gehrke,A,Durchschnitt,D
Jörg Kindermann,A,Durchschnitt,D
Uwe Wolf,S,Durchschnitt,D
Rainer Künzer,M,Durchschnitt,D
Hans-Dieter Schmidt,T,Durchschnitt,D
Sven Scheuer,T,Durchschnitt,D
Andreas Hirsch,T,Durchschnitt,D
Georg Koch,T,Durchschnitt,D
Günter Sebert,M,Durchschnitt,D
Klaus-Dieter Lässig,M,Durchschnitt,D
Peter Dentler,M,Durchschnitt,D
Dieter Bast,M,Durchschnitt,D
Rainer Koch,M,Durchschnitt,D
Hans-Dieter Tippenhauer,M,Durchschnitt,D
Manfred Jendrossek,M,Durchschnitt,D
Joachim Wolter,A,Durchschnitt,D
Thorsten Legat,M,Durchschnitt,D
Armin Kraaz,A,Durchschnitt,D
Ernst-Günter Habig,T,Durchschnitt,D
Benjamin Lauth,S,Durchschnitt,D
Bernhard Zeimetz,T,Schwach,D
Werner Melzer,M,Schwach,D
Rudi Assauer,A,Schwach,D
Lothar Huber,A,Schwach,D
Friedhelm Haak,M,Schwach,D
Hans-Joachim Winkler,A,Schwach,D
Reiner Hollmann,M,Schwach,D
Wolfgang Heinemann,M,Schwach,D
Rudolf Gress,A,Schwach,D
Karl-Heinz Schacht,M,Schwach,D
Hans-Werner Roth,A,Schwach,D
Egon Coordes,A,Schwach,D
Werner Krämer,M,Schwach,D
Peter Flegel,S,Schwach,D
Bernd Patzke,M,Schwach,D
Günter Siebert,A,Schwach,D
Erich Haas,M,Schwach,D
Uwe Grauer,A,Schwach,D
Frank Baum,A,Schwach,D
Thomas Roth,M,Schwach,D
Werner Griener,A,Schwach,D
Franz-Josef Haber,M,Schwach,D
Hans Weiner,A,Schwach,D
Adi Preißler,S,Schwach,D
Manfred Bockholt,A,Schwach,D
Rolf Schafstall,A,Schwach,D
Uwe Petersohn,M,Schwach,D
Wilfried Gerber,A,Schwach,D
Volker Röhrich,S,Schwach,D
Ernst Ohly,A,Schwach,D
Karl Stein,M,Schwach,D
Dieter Schwamkrug,M,Schwach,D
Volker Glänzel,S,Schwach,D
Gerhard Welz,A,Schwach,D
Norbert Thines,A,Schwach,D
Udo Harttgen,A,Schwach,D
Bernd Müller,S,Schwach,D
Fritz Günter,A,Schwach,D
Manfred Drews,A,Schwach,D
Jochen Kientz,M,Schwach,D
Norbert Brieskorn,M,Schwach,D
Peter Nickel,M,Schwach,D
Detlef Lins,M,Schwach,D
Hans-Jürgen Rietschel,M,Schwach,D
Hannes Pirkner,M,Schwach,D
Rolf Rusnok,M,Schwach,D
Udo Schmuck,M,Schwach,D
Klaus Klan,A,Schwach,D
Hans-Dieter Bode,M,Schwach,D
Jürgen Becker,T,Schwach,D
Günter Pfeiffer,S,Schwach,D
Bernd Trautmann,M,Schwach,D
Wilhelm Brockhaus,A,Schwach,D
Hans-Georg Bode,A,Schwach,D
Reinhard Krause,M,Schwach,D
Günter Nöldeke,A,Schwach,D
Karl-Heinz Bente,M,Schwach,D
Walter Frosch,A,Schwach,D
Ralf Witte,M,Schwach,D
Helmut Faeder,M,Schwach,D
Hans-Werner Lüdeke,A,Schwach,D
Günter Becker,M,Schwach,D
Klaus Wülker,M,Schwach,D
Friedrich-Wilhelm Röttger,A,Schwach,D
Heinz Höher,M,Schwach,D
Karl-Heinz Feldkamp,M,Schwach,D
Rainer Hummel,A,Schwach,D
Peter Klose,M,Schwach,D
Heiko Scholz,M,Schwach,D
Dirk Bähre,M,Schwach,D
Jörg Stübner,M,Schwach,D
Detlef Leese,A,Schwach,D
Bernd Jakobs,M,Schwach,D
Günter Preuß,M,Schwach,D
Michael Born,A,Schwach,D
Holger Philipp,A,Schwach,D
Thomas Grahammer,A,Schwach,D
Hans-Josef Helmerka,M,Schwach,D
Werner Hofmann,A,Schwach,D
Dieter Bender,A,Schwach,D
Hans Buchwald,A,Schwach,D
Josef Hintz,M,Schwach,D
Detlev Hauschild,M,Schwach,D
Günter Breitzke,A,Schwach,D
Matthias Kleinsteiber,M,Schwach,D
Jürgen Schlichting,A,Schwach,D
Stefan Böger,A,Schwach,D
Jürgen Pampuch,M,Schwach,D
Roy Präger,S,Schwach,D
Sead Kapetanović,M,Schwach,D
Patrick Kollmann,S,Schwach,D
Carsten Pröpper,M,Schwach,D
Rüdiger Rehm,M,Schwach,D
Werner Kogl,M,Schwach,D
Frank Latta,S,Schwach,D
Günter Haub,M,Schwach,D
Thomas Eichin,M,Schwach,D
Heinrich Schmidtgall,A,Schwach,D
Peter Ritter,M,Schwach,D
Oliver Schäfer,A,Schwach,D
Axel Thon,M,Schwach,D
Klaus Roth,M,Schwach,D
Hartmut Fromm,A,Schwach,D
Jürgen Raab,M,Schwach,D
Norbert Schmidt,A,Schwach,D
Günter Schäfer,M,Schwach,D
Manfred Becker,M,Schwach,D
Dieter Kühn,M,Schwach,D
Klaus-Dieter Wruck,M,Schwach,D
Rainer Noll,A,Schwach,D
Bernd Görts,M,Schwach,D
Werner Schlang,A,Schwach,D
Gunter Schlienz,A,Schwach,D
Peter Engler,M,Schwach,D
Fritz-Walter Bente,M,Schwach,D
Heribert Mentes,M,Schwach,D
Franz-Josef Wernze,M,Schwach,D
Siegfried Melzig,M,Schwach,D
Ralf Geilenkirchen,A,Schwach,D
Otto Luttrop,M,Schwach,D
Werner Vollack,M,Schwach,D
Hans-Jürgen Thies,A,Schwach,D
Rolf Werner,A,Schwach,D
Hans Zimmermann,M,Schwach,D
Bernd Scherrer,A,Schwach,D
Karlheinz Pflipsen,M,Schwach,D
Ludwig Janda,A,Schwach,D
Ulrich Wischmann,A,Schwach,D
Georg Gartmann,M,Schwach,D
Udo Cordes,M,Schwach,D
Manfred Orzessek,M,Schwach,D
Klaus Weinkauff,T,Schwach,D
Hans-Joachim Feldhoff,A,Schwach,D
Erwin Galeski,S,Schwach,D
Werner Dreher,M,Schwach,D
Rainer Bast,A,Schwach,D
Fritz Popp,A,Schwach,D
Klaus Neuser,M,Schwach,D
Herbert Lütkebohmert,M,Schwach,D
Manfred Gürtler,A,Schwach,D
Günter Rohde,M,Schwach,D
Werner Holtz,A,Schwach,D
Helmut Fahrenkrug,M,Schwach,D
Klaus Rehhagel,A,Schwach,D
Franz-Josef Mertens,M,Schwach,D
Peter Brülls,S,Schwach,D
Dieter Kutzop,M,Schwach,D
Werner Schwager,T,Schwach,D
Uwe Jöhnk,M,Schwach,D
Arnold Jurgeleit,A,Schwach,D
Rolf Berings,M,Schwach,D
Ulrich Reck,T,Schwach,D
Florian Kohnle,M,Schwach,D
Ernst Fuchs,T,Schwach,D
Werner Olk,M,Schwach,D
Dieter Leifeld,A,Schwach,D
Wolfgang Fenski,M,Schwach,D
Bernd Gerber,A,Schwach,D
Dieter Sturm,M,Schwach,D
Harald Albrecht,M,Schwach,D
Ralf Exner,A,Schwach,D
Klaus-Dieter Siegel,M,Schwach,D
Reinhold Reimann,A,Schwach,D
Klaus-Peter Neumann,M,Schwach,D
Manfred Rettkowski,A,Schwach,D
Werner Hegewald,M,Schwach,D
Hans-Werner Moors,M,Schwach,D
Armin Görtz,A,Schwach,D
Gerd Zoglauer,M,Schwach,D
Thomas Pfisterer,T,Schwach,D
Hans-Peter Nüber,A,Schwach,D
Dieter Schöneck,A,Schwach,D
Klaus Ahrens,M,Schwach,D
Gerd Thielemann,M,Schwach,D
Heinz Geis,M,Schwach,D
Jonny Otten,A,Schwach,D
Peter Nogly,M,Schwach,D
Jean Tigana,M,Weltklasse,A
Alain Giresse,M,Sehr stark,A
Luis Fernandez,M,Stark,A
Didier Deschamps,M,Sehr stark,A
Zinedine Zidane,M,Weltklasse,A
Youri Djorkaeff,M,Sehr stark,A
David Ginola,S,Sehr stark,A
Marcel Desailly,A,Weltklasse,A
Laurent Blanc,A,Weltklasse,A
Emmanuel Petit,M,Weltklasse,A
Fabrice Barthez,T,Weltklasse,A
Bernard Genghini,M,Stark,A
Maxime Bossis,A,Stark,A
Marius Trésor,A,Stark,A
Jean-Pierre Papin,S,Weltklasse,A
Christophe Dugarry,S,Sehr stark,A
Frank Leboeuf,A,Stark,A
Hugo Sánchez,S,Weltklasse,A
Mario Kempes,S,Weltklasse,A
Jorge Burruchaga,M,Weltklasse,A
Abel Balbo,S,Sehr stark,A
Gustavo Dezotti,S,Stark,A
Ramón Díaz,S,Sehr stark,A
Néstor Sensini,A,Stark,A
Sergio Almirón,M,Stark,A
Américo Gallego,M,Stark,A
Ubaldo Fillol,T,Sehr stark,A
Careca,S,Weltklasse,A
Falcão,M,Weltklasse,A
Éder,S,Sehr stark,A
Toninho Cerezo,M,Weltklasse,A
Leandro,A,Stark,A
Júnior,A,Weltklasse,A
Branco,A,Stark,A
Aldair,A,Sehr stark,A
Cafu,A,Weltklasse,A
Leonardo,M,Sehr stark,A
Rivaldo,M,Weltklasse,A
Denilson,M,Stark,A
Emerson,M,Sehr stark,A
Dennis Bergkamp,S,Weltklasse,A
Patrick Kluivert,S,Weltklasse,A
Marc Overmars,M,Weltklasse,A
Edgar Davids,M,Weltklasse,A
Clarence Seedorf,M,Weltklasse,A
Jaap Stam,A,Sehr stark,A
Edwin van der Sar,T,Weltklasse,A
Philip Cocu,M,Sehr stark,A
Danny Blind,A,Stark,A
Pierre van Hooijdonk,S,Sehr stark,A
Youri Mulder,S,Stark,A
Henk Fraser,A,Stark,A
Stanley Menzo,T,Stark,A
Roberto Donadoni,M,Sehr stark,A
Demetrio Albertini,M,Sehr stark,A
Filippo Inzaghi,S,Weltklasse,A
Gianfranco Zola,S,Weltklasse,A
Pierluigi Casiraghi,S,Stark,A
Ciro Ferrara,A,Sehr stark,A
Alessandro Costacurta,A,Weltklasse,A
Mauro Tassotti,A,Stark,A
Angelo Peruzzi,T,Stark,A
Gianluca Pagliuca,T,Sehr stark,A
Gianni Rivera,M,Weltklasse,A
Sandro Mazzola,M,Weltklasse,A
Roberto Boninsegna,S,Sehr stark,A
Luigi Riva,S,Weltklasse,A
Ian Rush,S,Sehr stark,A
John Barnes,M,Sehr stark,A
Peter Reid,M,Stark,A
Tony Adams,A,Stark,A
Steve Bruce,A,Stark,A
Lee Dixon,A,Stark,A
Roy Keane,M,Weltklasse,A
Mark Hughes,S,Sehr stark,A
Teddy Sheringham,S,Stark,A
Les Ferdinand,S,Stark,A
David Platt,M,Sehr stark,A
Stuart Pearce,A,Stark,A
Kenny Dalglish,S,Weltklasse,A
Ian Wright,S,Sehr stark,A
Charlie Nicholas,S,Stark,A
Murdo MacLeod,M,Stark,A
Herbert Prohaska,M,Sehr stark,A
Andi Herzog,M,Sehr stark,A
Peter Stöger,S,Stark,A
Michael Konsel,T,Sehr stark,A
Gerhard Rodax,S,Stark,A
Reinhard Kienast,M,Stark,A
Kurt Jara,A,Stark,A
Marc Wilmots,M,Sehr stark,A
Eric Gerets,A,Sehr stark,A
Franky Van der Elst,M,Stark,A
Frank Vercauteren,M,Stark,A
Lorenzo Staelens,M,Stark,A
Philippe Albert,A,Sehr stark,A
Luc Nilis,S,Sehr stark,A
Johan Walem,M,Stark,A
Paulo Futre,M,Weltklasse,A
Fernando Couto,A,Sehr stark,A
Rui Costa,M,Sehr stark,A
Luís Figo,M,Weltklasse,A
João Pinto,S,Stark,A
Bento,T,Stark,A
Rui Águas,S,Stark,A
Augusto Inácio,A,Stark,A
Rafael Gordillo,A,Sehr stark,A
Julio Salinas,S,Stark,A
Míchel,M,Sehr stark,A
Martín Vázquez,M,Stark,A
Sanchís,A,Stark,A
Luis Enrique,M,Sehr stark,A
Pep Guardiola,M,Stark,A
Txiki Begiristain,M,Stark,A
José Armando Ufarte,M,Stark,A
Gheorghe Hagi,M,Weltklasse,A
Florin Răducioiu,S,Sehr stark,A
Dan Petrescu,A,Sehr stark,A
Bogdan Stelea,T,Stark,A
Ioan Sabău,M,Stark,A
Gheorghe Popescu,A,Sehr stark,A
Yordan Letchkov,M,Sehr stark,A
Krasimir Balakov,M,Sehr stark,A
Emil Kostadinov,S,Sehr stark,A
Trifon Ivanov,A,Stark,A
Zlatko Yankov,M,Stark,A
Slaven Bilić,A,Sehr stark,A
Alen Bokšić,S,Weltklasse,A
Igor Stimac,A,Stark,A
Robert Jarni,A,Stark,A
Niko Kovač,M,Stark,A
Davor Šuker,S,Weltklasse,A
Flemming Povlsen,S,Sehr stark,A
Kim Vilfort,M,Stark,A
Lars Elstrup,S,Stark,A
John Sivebæk,A,Stark,A
Kennet Andersson,S,Sehr stark,A
Jonas Thern,M,Sehr stark,A
Stefan Schwarz,M,Sehr stark,A
Glenn Hysén,A,Stark,A
Niklas Alexandersson,A,Stark,A
Jostein Flo,S,Stark,A
Erik Thorstvedt,T,Stark,A
Henning Berg,A,Stark,A
Packie Bonner,T,Stark,A
Ronnie Whelan,M,Stark,A
Niall Quinn,S,Stark,A
Tony Cascarino,S,Stark,A
David O'Leary,A,Stark,A
Andrei Kanchelskis,M,Sehr stark,A
Igor Dobrovolski,M,Stark,A
Igor Kolyvanov,S,Stark,A
Viktor Onopko,A,Stark,A
Dmitri Kharin,T,Stark,A
Aleksandr Mostovoi,M,Sehr stark,A
Ilya Tsymbalar,M,Stark,A
Antonín Panenka,M,Sehr stark,A
Tomáš Skuhravý,S,Sehr stark,A
Pavel Nedvěd,M,Weltklasse,A
Ladislav Vízek,M,Stark,A
Ivan Hašek,M,Stark,A
Andrzej Szarmach,S,Stark,A
Władysław Żmuda,A,Stark,A
Jan Tomaszewski,T,Stark,A
Włodzimierz Lubański,S,Sehr stark,A
Freddy Rincón,M,Sehr stark,A
Faustino Asprilla,S,Weltklasse,A
Adolfo Valencia,S,Stark,A
Anthony Yeboah,S,Weltklasse,A
Jay-Jay Okocha,M,Weltklasse,A
Sunday Oliseh,M,Stark,A
Abedi Pelé,M,Weltklasse,A
Kalusha Bwalya,S,Stark,A
Rabah Madjer,M,Weltklasse,A
Lakhdar Belloumi,M,Sehr stark,A
Nikos Anastopoulos,S,Stark,A
Norbert Dickel,S,Stark,D
Christian Nerlinger,M,Stark,D
Bruno Labbadia,S,Stark,D
Andreas Thom,S,Sehr stark,D
Ralf Rangnick,M,Durchschnitt,D
Karl-Heinz Pflügler,A,Stark,D
Fritz Langner,M,Schwach,D
Heinz Simmet,S,Schwach,D
Herbert Widmayer,A,Schwach,D
Erich Ribbeck,M,Schwach,D
Wilhelm Hesselmann,A,Schwach,D
Heinz Hornig,T,Schwach,D
Harald Hanke,A,Schwach,D
Lothar Schuster,M,Schwach,D
Rainer Wahl,A,Schwach,D
Günter Mast,A,Schwach,D
Georg Strasser,A,Schwach,D
Hermann Nuber,T,Schwach,D
Wolfgang Kneib,T,Schwach,D
Detlef Bruchhagen,M,Schwach,D
Herbert Hain,M,Schwach,D
Bernhard Klotz,A,Schwach,D
Udo Lattek,M,Schwach,D
Horst Szymaniak,M,Stark,D
Jupp Derwall,M,Schwach,D
Willibald Kreß,M,Schwach,D
Willi Schulz,A,Stark,D
Klaus Matischak,M,Schwach,D
Friedrich Danner,M,Schwach,D
Eckhard Krautzun,A,Schwach,D
Heinz Elzner,S,Schwach,D
Fritz Balogh,S,Schwach,D
Heinz-Dieter Hasebrink,A,Schwach,D
Wolfgang Löhr,S,Stark,D
Gerhard Zewe,A,Stark,D
Ernst Willimowski,S,Stark,D
Hanspeter Latour,M,Schwach,D
Alfons Gluck,T,Schwach,D
Klaus Leykauf,M,Schwach,D
Karl-Heinz Öttl,A,Schwach,D
Reinhold Fanz,A,Schwach,D
Gottfried Dienst,M,Schwach,D
Karl Graser,M,Schwach,D
Josef Heynckes,S,Sehr stark,D
Michael Ruhl,M,Schwach,D
Reinhard Braner,A,Schwach,D
Robert Enke,T,Sehr stark,D
Tim Wiese,T,Stark,D
Rene Adler,T,Sehr stark,D
Gabor Kiray,T,Sehr stark,A
Frank Rost,T,Stark,D
Michael Rensing,T,Stark,D
Patrick Borger,T,Schwach,D
Raphael Schäfer,T,Stark,D
Stefan Wächter,T,Schwach,D
Peter Knäbel,A,Schwach,D
Arne Friedrich,A,Sehr stark,D
Sebastian Kehl,M,Stark,D
Marco Engelhardt,M,Stark,D
Kevin Kuranyi,S,Sehr stark,D
Oliver Neuville,S,Stark,D
Fredi Bobic,S,Stark,D
Markus Feulner,M,Schwach,D
Christian Tiffert,M,Schwach,D
Jan Schlaudraff,M,Stark,D
Nils Petersen,S,Stark,D
Claudio Pizarro,S,Sehr stark,A
Levan Kobiashvili,M,Stark,A
Mladen Petric,S,Stark,A
Andreas Hinkel,A,Stark,D
Thorsten Frings,M,Stark,D
Mirko Votava,M,Stark,A
Jonny Hansen,A,Stark,A
Preki,M,Stark,A
Davide Gualtieri,M,Schwach,A
Rubén Marcos,A,Stark,A
Elzo,A,Stark,A
Wladimir,A,Stark,A
Josimar,A,Stark,A
Mozer,A,Stark,A
Edinho,A,Stark,A
Mauro Galvão,A,Stark,A
Müller,S,Stark,A
Jorginho,A,Sehr stark,A
Mazinho,M,Stark,A
Mauro Silva,M,Stark,A
Dida,T,Sehr stark,A
Roque Júnior,A,Stark,A
Roberto Carlos,A,Weltklasse,A
Ronaldão,A,Stark,A
Júlio César,T,Sehr stark,A
Vagner Love,S,Stark,A
Andrade,A,Stark,A
Edmar,M,Stark,A
Marcelo Ramos,A,Stark,A
Sergio Conceição,M,Stark,A
Vítor Baía,T,Sehr stark,A
Nuno Gomes,S,Sehr stark,A
Costinha,M,Stark,A
Deco,M,Sehr stark,A
Abel Xavier,A,Stark,A
Pedro Barbosa,M,Stark,A
Joao Vale e Azevedo,M,Schwach,A
Rui Barros,M,Stark,A
Isaías,M,Stark,A
José María Bakero,M,Stark,A
Alfonso Pérez,S,Stark,A
Kiko,S,Stark,A
Fernando Redondo,M,Weltklasse,A
Claudio López,S,Stark,A
Carlos Kameni,T,Stark,A
Hatem Trabelsi,A,Stark,A
Hossam Hassan,S,Sehr stark,A
Graeme Souness,M,Weltklasse,A
Ray Clemence,T,Sehr stark,A
Alan Hansen,A,Sehr stark,A
Steve Archibald,S,Stark,A
Pat Bonner,T,Stark,A
Kevin Moran,A,Stark,A
John Aldridge,S,Sehr stark,A
Liam Brady,M,Weltklasse,A
Frank Stapleton,S,Sehr stark,A
Pat McGrath,A,Stark,A
Anton Rogan,A,Stark,A
Nils Åge Sunde,M,Stark,A
Kurt Jørgensen,A,Stark,A
Morten Olsen,A,Sehr stark,A
Søren Busk,A,Stark,A
Ivan Lerby,M,Stark,A
Per Røntved,M,Stark,A
Jens Jørn Bertelsen,S,Stark,A
Ján Kocian,A,Stark,A
Peter Fieber,T,Stark,A
Roman Wojcicki,T,Stark,A
Zdzisław Kapka,A,Stark,A
Bogusław Psota,M,Stark,A
Sergei Kiriakov,S,Stark,A
Omari Tetradze,A,Stark,A
Andrei Piatnitski,M,Stark,A
Igor Ledyakhov,M,Stark,A
Mikhail Beschastnykh,S,Stark,A
Ilie Balaci,M,Sehr stark,A
Rodion Cămătaru,S,Stark,A
Marius Lăcătuș,S,Sehr stark,A
Victor Piţurcă,S,Stark,A
Eric Cantona,S,Sehr stark,A
Raimund Aumann,T,Sehr stark,D
Hans Dorfner,M,Stark,D
Reinhold Mathy,M,Stark,D
René Müller,T,Stark,D
Karl-Heinz Körbel,A,Sehr stark,D
Fritz Lünenschloß,S,Stark,D
Tibor Nyilasi,M,Sehr stark,A
Lajos Détári,M,Sehr stark,A
Imre Garaba,M,Stark,A
András Törőcsik,M,Sehr stark,A
Péter Váradi,S,Stark,A
Iosif Rotariu,M,Stark,A
Laszlo Fazekas,S,Stark,A
Sandor Matrai,A,Stark,A
Janos Gorocs,M,Stark,A
Igor Shalimov,M,Stark,A
Sergei Rodionov,S,Stark,A
Dmitri Radchenko,S,Stark,A
Valeri Karpin,M,Sehr stark,A
Yuri Nikiforov,A,Stark,A
Kenny Burns,A,Stark,A
Martin O'Neill,M,Stark,A
Theodoros Zagorakis,M,Stark,A
Takis Fyssas,A,Stark,A
Ivan Čurkovic,T,Stark,A
Rade Radović,M,Stark,A
Vladica Kovačević,S,Stark,A
Dusan Savic,M,Stark,A
Zlatko Kranjcar,M,Stark,A
Miras Dzhanbekov,M,Stark,A
Ermin Šiljak,S,Stark,A
Bernhard Dietz,M,Sehr stark,D
Peter Czerny,M,Schwach,D
Peter Weiß,A,Schwach,D
Werner Grünig,M,Schwach,D
Dieter Bremer,A,Schwach,D
Horst Weyerich,M,Schwach,D
Johann Hölzenbein,S,Schwach,D
Fritz Porzner,A,Schwach,D
Karl Meier,T,Schwach,D
Heinrich Wagner,M,Schwach,D
Rolf Scheer,A,Schwach,D
Manfred Weinrich,M,Schwach,D
Werner Kuhnt,A,Schwach,D
Adolf Kunstmann,S,Schwach,D
Hans-Ludwig Müller,M,Schwach,D
Günter Buchmann,A,Schwach,D
Alfred Kaufmann,M,Schwach,D
Ronnie Hellström,T,Stark,A
Christoph Metzelder,A,Schwach,D
Klaus Dietz,A,Schwach,D
Sepp Piontek,A,Stark,D
Klaus Beverungen,A,Durchschnitt,D
Katsche Schwarzenbeck,A,Stark,D
Siggi Held,M,Stark,D
Peter Löhr,M,Durchschnitt,D
Uli Stielike,A,Sehr stark,D
Rudi Seliger,M,Schwach,D
Johnny Hansen,A,Durchschnitt,D
Harald Jelinek,M,Schwach,D
Richard Golz,T,Stark,D
Olaf Bodden,M,Schwach,D
Manfred Bockenfeld,A,Schwach,D
Peter Reichert,S,Schwach,D
Horst Heese,M,Durchschnitt,D
Herbert Hein,A,Schwach,D
Peter Gloger,A,Schwach,D
Ralf Sievers,A,Schwach,D
Dieter Zembrzuski,M,Schwach,D
Hans-Jörg Criens,M,Durchschnitt,D
Norbert Elgert,M,Schwach,D
Sebastian Deisler,M,Sehr stark,D
Jens Jeremies,M,Stark,D
Samuel Kuffour,A,Stark,A
Manfred Woelfle,M,Sehr schwach,D
Claus Dieter Wollitz,M,Schwach,D
Peter Knippschild,A,Schwach,D
Meinolf Rgold,M,Sehr schwach,D
Horst Bertl,A,Schwach,D
Erich Maas,M,Schwach,D
Edmund Becker,M,Schwach,D
Rainer Kirchhoff,S,Schwach,D
Rainer Kütter,M,Schwach,D
Peter Faber,A,Schwach,D
Ralf Blauth,S,Schwach,D
Norbert Janzon,S,Schwach,D
Rolf Wohlfarth,S,Stark,D
Rolf Rüth,M,Schwach,D
Werner Schneider,A,Schwach,D
Heiko Flottmann,A,Schwach,D
Knut Reinhardt,A,Stark,D
Stefan Vollack,M,Schwach,D
Klaus Schmitt,T,Schwach,D
Bernd Kormeier,S,Schwach,D
Michael Schulz,A,Schwach,D
Norbert Hofmann,M,Schwach,D
Hristo Lukov,S,Schwach,A
Karel Poborsky,M,Stark,A
Patrik Berger,M,Stark,A
Jan Koller,S,Stark,A
Ladislav Maier,T,Stark,A
Temuri Ketsbaia,S,Stark,A
Kakhaber Tskhadadze,A,Stark,A
Aliaksandr Hleb,M,Stark,A
Mikhail Mikhalichenko,M,Stark,A
Yuriy Savichev,S,Stark,A
Heinz Müller,T,Durchschnitt,D
Werner Scholz,M,Schwach,D
Rainer Budde,M,Schwach,D
Peter Meyer,A,Schwach,D
Klaus Beyer,M,Schwach,D
Uli Maslo,M,Schwach,D
Klaus Röttger,A,Schwach,D
Egon Schmitt,M,Sehr schwach,D
Bernd Gorski,M,Durchschnitt,D
Michael Feichtenbeiner,A,Schwach,D
Dirk Pfannkuch,A,Schwach,D
Uwe Erkenbrecher,M,Schwach,D
Toni Turek,T,Stark,D
Jupp Posipal,A,Stark,D
Ottmar Walter,S,Stark,D
Werner Liebrich,A,Stark,D
Max Morlock,M,Stark,D
Richard Herrmann,A,Schwach,D
Bernhard Klodt,S,Stark,D
Alfred Preißler,S,Stark,D
Ernst Kuzorra,S,Stark,D
Erich Juskowiak,A,Stark,D
Helmut Haller,M,Sehr stark,D
Franz Brungs,S,Stark,D
Werner Kramer,S,Stark,D
Helmut Schimeczek,M,Durchschnitt,D
Hansgeorg Dörner,M,Stark,D
Gerd Trinklein,M,Schwach,D
Wolfgang Gayer,M,Schwach,D
Kurt Plöger,M,Schwach,D
Eugen Hitz,T,Schwach,D
Heinz Hargesheimer,A,Schwach,D
Helmut Gaddatsch,M,Schwach,D
Heinz van Haaren,A,Schwach,D
Klaus Seibert,A,Schwach,D
Volker Gramann,A,Schwach,D
Bernd Meier,M,Schwach,D
Wilhelm Koch,A,Schwach,D
Karl Heinz Schnellinger,A,Sehr stark,D
Wolf Werner,M,Schwach,D
Rainer Steinhöfer,M,Schwach,D
Gerd Zewe,A,Schwach,D
Gert Trinklein,M,Schwach,D
Peter Biesemann,A,Schwach,D
Uwe Bracht,A,Schwach,D
Arno Helmke,M,Schwach,D
Norbert Siegert,A,Sehr schwach,D
Josef Klotz,M,Schwach,D
Stefan Hau,A,Schwach,D
Karl Ritter,A,Sehr schwach,D
Ernst Melchior,M,Sehr schwach,D
Rolf Beisel,A,Schwach,D
Günther Nepp,M,Sehr schwach,D
Claus Maier,T,Sehr schwach,D
Willi Huber,A,Sehr schwach,D
Peter Geyer,A,Schwach,D
Hans Bauer,M,Sehr schwach,D
Franz Weber,A,Sehr schwach,D
Josef Schmidt,M,Sehr schwach,D
Ernst Kluge,S,Schwach,D
Friedrich König,A,Sehr schwach,D
Rolf Ackermann,A,Schwach,D
Hans Richter,M,Schwach,D
Herbert Kresse,S,Schwach,D
Kurt Brennecke,A,Schwach,D
Peter Winkler,M,Schwach,D
Gerd Fischer,S,Schwach,D
Heinz Schäfer,A,Schwach,D
Wolfgang Hartmann,M,Sehr schwach,D
Wilhelm Schwarz,A,Sehr schwach,D
Johann Bauer,M,Sehr schwach,D
Rudolf Holz,A,Sehr schwach,D
Otto Klein,M,Sehr schwach,D
Heinrich Wolf,A,Sehr schwach,D
Karl Lange,S,Sehr schwach,D
Walter Simon,M,Sehr schwach,D
Gerhard Müller,A,Sehr schwach,D
Fritz Krause,S,Sehr schwach,D
Hans Kiefer,A,Sehr schwach,D
Albert Braun,M,Sehr schwach,D
Alfred Maier,T,Sehr schwach,D
Josef Huber,M,Sehr schwach,D
Johann Fischer,A,Sehr schwach,D
Peter Wagner,M,Schwach,D
Klaus Hofmann,A,Schwach,D
Dieter Zimmermann,M,Schwach,D
Thomas Keller,S,Schwach,D
Wolfgang Braun,A,Schwach,D
Michael Koch,M,Schwach,D
Andreas Schmidt,S,Schwach,D
Rainer Klein,A,Schwach,D
Hans-Peter Wolf,M,Schwach,D
Stefan Fischer,A,Sehr schwach,D
Ingo Peter,A,Schwach,D
Jörg Büttner,A,Schwach,D
Karl Heinz Thielen,M,Schwach,D
Klaus Jung,A,Sehr schwach,D
Rudi Entenmann,M,Schwach,D
Harald Tenta,M,Sehr schwach,D
Christian Scholz,M,Sehr schwach,D
Wolfgang Völkl,A,Sehr schwach,D
Hans Sarpei,A,Schwach,A
Nico Patschinski,M,Schwach,D
Markus Möller,M,Schwach,D
Uwe Klimaschefski,M,Sehr schwach,D
Peter Gerber,A,Sehr schwach,D
Klaus Mühlberger,M,Sehr schwach,D
Alfons Goldbrunner,A,Sehr schwach,D
Wolfgang Brettschneider,M,Sehr schwach,D
Hans Schätzle,M,Sehr schwach,D
Werner Balte,M,Schwach,D
Manfred Müller,M,Schwach,D
Heinz Florian Oertel,M,Sehr schwach,D
Arsenio Iglesias,M,Stark,A
Lubos Michel,T,Stark,A
Dusan Tittel,M,Stark,A
Tibor Selymes,M,Stark,A
Dusán Uhrin,M,Schwach,A
Tomas Skuhravy,S,Stark,A
Slobodan Livaja,S,Schwach,A
Ivan Hasek,M,Stark,A
Neville Southall,T,Weltklasse,A
David Seaman,T,Sehr stark,A
Claudio Taffarel,T,Weltklasse,A
Michel Preud'homme,T,Sehr stark,A
Jim Leighton,T,Stark,A
Rüstü Reçber,T,Sehr stark,A
Petar Borota,T,Stark,A
Sébastien Frey,T,Stark,A
Dimitar Penev,T,Stark,A
Terry Butcher,A,Sehr stark,A
Des Walker,A,Stark,A
Steve Bould,A,Stark,A
Lilian Thuram,A,Sehr stark,A
Bixente Lizarazu,A,Sehr stark,A
Frank de Boer,A,Sehr stark,A
Ronny Johnsen,A,Sehr stark,A
Stig Inge Bjørnebye,A,Stark,A
Claudio Gentile,A,Sehr stark,A
Pietro Vierchowod,A,Stark,A
Miroslav Kadlec,A,Stark,A
Sami Hyypiä,A,Sehr stark,A
Thomas Helveg,A,Stark,A
Marc Rieper,A,Stark,A
Gudni Bergsson,A,Stark,A
Roberto Sensini,A,Stark,A
Pablo Paz,A,Stark,A
Gabriel Heinze,A,Stark,A
Julio Cesar Baldivieso,A,Stark,A
Johan Neeskens,M,Weltklasse,A
Patrick Vieira,M,Weltklasse,A
Jari Litmanen,M,Weltklasse,A
Ryan Giggs,M,Sehr stark,A
Robert Pirès,M,Sehr stark,A
Nicolas Anelka,S,Sehr stark,A
Sylvain Wiltord,S,Stark,A
Thierry Henry,S,Weltklasse,A
Gaizka Mendieta,M,Sehr stark,A
Ivan de la Peña,M,Sehr stark,A
Diego Simeone,M,Sehr stark,A
Ariel Ortega,M,Sehr stark,A
Juan Sebastián Verón,M,Sehr stark,A
Marcelo Gallardo,M,Sehr stark,A
Juninho Paulista,M,Sehr stark,A
Sávio,M,Sehr stark,A
Bruno Conti,M,Sehr stark,A
Fabrizio Ravanelli,S,Sehr stark,A
Christian Vieri,S,Sehr stark,A
Vladimír Šmicer,M,Stark,A
Karel Poborský,M,Sehr stark,A
Pavel Kuka,S,Sehr stark,A
Lubomír Moravčík,M,Sehr stark,A
Ronald de Boer,M,Sehr stark,A
Roy Makaay,S,Sehr stark,A
Jan Wouters,M,Stark,A
Steve McManaman,M,Sehr stark,A
Robbie Fowler,S,Sehr stark,A
Steve McMahon,M,Stark,A
Paul Ince,M,Sehr stark,A
Andy Cole,S,Stark,A
Dwight Yorke,S,Sehr stark,A
Serhiy Rebrov,S,Sehr stark,A
Valeri Lobanovsky,M,Stark,A
Jon Dahl Tomasson,S,Sehr stark,A
Morten Wieghorst,M,Stark,A
Per Frandsen,M,Stark,A
Thomas Gravesen,M,Stark,A
Ole Gunnar Solskjær,S,Weltklasse,A
Tore André Flo,S,Stark,A
Øyvind Leonhardsen,M,Stark,A
Lars Bohinen,M,Stark,A
Kjetil Rekdal,M,Stark,A
Nikos Machlas,S,Sehr stark,A
Christos Patsatzoglou,A,Stark,A
Óscar Ruggeri,A,Sehr stark,A
Freddie Ljungberg,M,Sehr stark,A
Niclas Alexandersson,M,Stark,A
Zlatan Ibrahimović,S,Weltklasse,A
Iván Zamorano,S,Sehr stark,A
Marcelo Salas,S,Weltklasse,A
Hernán Crespo,S,Sehr stark,A
Sergio Goycochea,T,Sehr stark,A
Juan Ramón Verón,M,Stark,A
Pablo Aimar,M,Sehr stark,A
Andriy Shevchenko,S,Weltklasse,A
Serhiy Nikiforov,A,Stark,A
Mikheil Kavelashvili,S,Stark,A
Aleinikov Sergej,M,Stark,A
Dmitri Alenichev,M,Sehr stark,A
Ronaldo,S,Weltklasse,A
Ronaldinho,M,Weltklasse,A
Alessandro Del Piero,S,Weltklasse,A
Raúl,S,Weltklasse,A
Fernando Morientes,S,Sehr stark,A
David Trezeguet,S,Sehr stark,A
Luca Toni,S,Sehr stark,A
Inamoto Junichi,M,Stark,A
Hidetoshi Nakata,M,Sehr stark,A
Park Ji-sung,M,Stark,A
Cha Bum-kun,S,Sehr stark,A
Nwankwo Kanu,S,Weltklasse,A
Taribo West,A,Stark,A
Finidi George,M,Weltklasse,A
Rashidi Yekini,S,Stark,A
Laurent Pokou,S,Sehr stark,A
Salif Keïta,S,Sehr stark,A
Didier Drogba,S,Weltklasse,A
Samuel Eto'o,S,Weltklasse,A
Patrick Mboma,S,Sehr stark,A
Mustapha Hadji,M,Stark,A
Noureddine Naybet,A,Stark,A
Said Chiba,M,Stark,A
Hossam Ashour,M,Stark,A
Amr Zaki,S,Stark,A
Sibusiso Zuma,M,Stark,A
John Moshoeu,M,Stark,A
Benni McCarthy,S,Sehr stark,A
Emeka Ezeugo,M,Stark,A
Ladislao Kubala,M,Weltklasse,A
Sándor Kocsis,S,Weltklasse,A
Ferenc Puskás,S,Weltklasse,A
Eusébio,S,Weltklasse,A
Andy Möller,M,Sehr stark,D
Manni Burgsmüller,S,Sehr stark,D
Volker Finke,M,Stark,D
Dietmar Hamann,M,Sehr stark,D
Andreas Köpke,T,Sehr stark,D
Ruud van Nistelrooy,S,Weltklasse,A
Jimmy Floyd Hasselbaink,S,Weltklasse,A
Jan Åge Fjørtoft,S,Stark,A
Pål Lydersen,A,Stark,A
Rune Bratseth,A,Sehr stark,A
Clas-Göran Holmgren,A,Stark,A
Marcus Allbäck,S,Stark,A
Hakan Mild,M,Stark,A
Hakan Unsal,M,Stark,A
Tuncay Sanli,S,Stark,A
Emre Belözoğlu,M,Sehr stark,A
Hakan Şükür,S,Sehr stark,A
Alpay Özalan,A,Stark,A
Bülent Korkmaz,A,Stark,A
Arif Erdem,S,Stark,A
Andriy Husin,M,Stark,A
Vladimír Weiss,M,Stark,A
Miroslav Karhan,M,Stark,A
Szabolcs Sáfár,M,Stark,A
Eusébio,S,Weltklasse,A
Rui Aguas,S,Sehr stark,A
Oceano,M,Stark,A
Paulinho Santos,A,Stark,A
Elber,S,Sehr stark,A
Frédéric Kanoute,S,Sehr stark,A
Yaya Touré,M,Weltklasse,A
Michael Essien,M,Sehr stark,A
Stephen Appiah,M,Stark,A
Asamoah Gyan,S,Sehr stark,A
Shunske Nakamura,M,Sehr stark,A
Carlos Aguilera,M,Stark,A
Álvaro Recoba,S,Sehr stark,A
Víctor Igoa,M,Stark,A
Enzo Francescoli,M,Weltklasse,A
Rubén Sosa,S,Weltklasse,A
Aldo Pedro Poy,S,Stark,A
Nolberto Solano,M,Stark,A
Théo Zagorakis,M,Stark,A
György Czibor,S,Weltklasse,A
Nandor Hidegkuti,M,Weltklasse,A
Josef Bican,S,Weltklasse,A
Marco Van Basten,S,Weltklasse,A
Robert Lewandowski,S,Weltklasse,A
Hector Scarone,M,Weltklasse,A
